fullName,¸ºÔðÈË
"___,___,___è¿_»´,__´¢äº___,ç½_¡µ,_»ç_,_»ç___´¢-GPU-TFS-QT",
"___,___,___è¿_»´,__´¢äº___,ç½_¡µ,pcç½_¡µ,tupu,tupu_©å",
"___,___,___è¿_»´,__´¢äº___,___,_¾ç_,_¶ä___§¯ç´,æ¸__dragon,dragon_slave_TS1,dragon_slave_TS1_09-32",
"___,___,___è¿_»´,__´¢äº___,___,_¾ç_,_¶ä___§¯ç´,æ¸__dragon,dragon_slave_TS1,dragon_slave_TS1_33-64",
"___,___,___è¿_»´,__´¢äº___,___,_¾ç_,_¶ä___§¯ç´,æ¸__dragon,dragon_slave_TS1,dragon_slave_TS1_65-128",
"___,___,___è¿_»´,__´¢äº___,ç½_¡µ,pcç½_¡µ,___ç«__,ç«__query,new",
"___,___,___è¿_»´,__´¢äº___,ç½_¡µ,éª__æµ__å¹³å_,cache",
"___,___,___è¿_»´,__´¢äº___,ç½_¡µ,éª__æµ__å¹³å_,openhb",
"___,___,___è¿_»´,__´¢äº___,ç½_¡µ,éª__æµ__å¹³å_,pc_web,nginx",
"___,___,___è¿_»´,__´¢äº___,ç½_¡µ,éª__æµ__å¹³å_,pc_web,nodejs",
"___,___,___è¿_»´,__´¢äº___,ç½_¡µ,éª__æµ__å¹³å_,pc_web,searchhub",
"___,___,___è¿_»´,__´¢äº___,ç½_¡µ,éª__æµ__å¹³å_,pc_web,pc_query",
"___,___,___è¿_»´,__´¢äº___,ç½_¡µ,éª__æµ__å¹³å_,pc_web,baike_query",
"___,___,___è¿_»´,__´¢äº___,ç½_¡µ,pcç½_¡µ,___ç«__,ç«__query,_©å",
"___,___,___è¿_»´,__´¢äº___,ç½_¡µ,pcç½_¡µ,æµ__,__å°_¨¡_,newanti__·å",
"___,___,___è¿_»´,__´¢äº___,___,_¾ç_,_¶ä___§¯ç´,æ¸__dragon,dragon_slave_TS1,dragon_slave_TS1_01-08",
"___,___,___äº___,__´¢äº___,æµ___,Test,pc___",
"___,___,___è¿_»´,__´¢äº___,ç½_¡µ,å¾¿¡,offsum,offsum1",
"___,___,___è¿_»´,__´¢äº___,ç½_¡µ,å¾¿¡,å¾¿¡_°æ_ç§´¯,rec03",
"___,___,___è¿_»´,__´¢äº___,ç½_¡µ,pcç½_¡µ,vr,vr_rewrite,vr_rewrite-web-hb",
"___,___,___è¿_»´,__´¢äº___,ç½_¡µ,çº¿ä_è®¡ç_,å­__&_°æ__¶ä_,hint_maker",
"___,___,___è¿_»´,__·¥ç¨__,ä¿¡æ_å¹³å__,ä¸____,Passport,è´¦å_ä¸_,çº¿ä__,åº______,ä¸»å__",
"___,___,___è¿_»´,__´¢äº___,ç½_¡µ,å¾¿¡,nginx_resin,gd",
"___,___,___è¿_»´,__´¢äº___,ç½_¡µ,pcç½_¡µ,vr,vr_rewrite,vr_rewrite-web-gd",
"___,___,___è¿_»´,__´¢äº___,ç½_¡µ,å¾¿¡,nginx_resin,hb1",
"___,___,___è¿_»´,___å¹³å_äº___,å¯¼è_,yaokan.sogou.com",
"___,___,___è¿_»´,__´¢äº___,ç½_¡µ,å¾¿¡,nginx_resin,gd1",
"___,___,___è¿_»´,__·¥ç¨__,ä¿¡æ_å¹³å__,è¿_»´ç³»ç_,Datalink,SMART_ä¿__,Portal_Smarton,portal",
"___,___,___è¿_»´,__´¢äº___,ç½_¡µ,ç¿»è_,trans_server,hb",
"___,___,äº___¨è_ç»,è¾__æ³__ä¸__,odin____,____,Odin,Mercury,Mercuryçº¿ä_,Node",
"___,___,___è¿_»´,__·¥ç¨__,ç³»ç__¶æ__,SREä¸ç»,SOS_¨çº¿å­__,_¥é_Adtech,Adtech_Proxy",
"___,___,___äº___,__·¥ç¨__,å¹³å_å¼___,å¼___ç»,ROC2.0,æµ___,mongo",
"___,___,___è¿_»´,__´¢äº___,ç½_¡µ,pcç½_¡µ,___ç«__,ç«__query,bj",
"___,___,___è¿_»´,__´¢äº___,ç½_¡µ,pcç½_¡µ,___ç«__,ç«__query,gd",
"___,___,___äº___,___å¹³å_äº___,IoT___,å¯¼è_ä¸__,å¯¼è_-è´·æè¶__,è´·è_-__º§_,è´·è_-__º§-___,è´·è_-__º§-___-çº¿ä_",
"___,___,___è¿_»´,__´¢äº___,ç½_¡µ,pcç½_¡µ,vr,vr_rewrite,vr_rewrite-web-js",
"___,___,___è¿_»´,__´¢äº___,ç½_¡µ,å¾¿¡,nginx_resin,js",
"___,___,___è¿_»´,__´¢äº___,ç½_¡µ,pcç½_¡µ,___ç«__,ç«__query,js",
"___,___,___è¿_»´,__´¢äº___,ç½_¡µ,pcç½_¡µ,æµ__,___,verify,new",
"___,___,___äº___,è¾__æ³__ä¸__,QQè¾__æ³,QQè¾__æ³-___ç«,æµ___,Qè¾-___-æµ__-___,Qè¾-___-æµ__-___-API",
"___,___,___è¿_»´,___å¹³å_äº___,PCæµ__,dralot.ie.sogou.com",
"___,___,___è¿_»´,__´¢äº___,ç½_¡µ,å¾¿¡,nginx_resin,hb",
"___,___,___è¿_»´,__´¢äº___,ç½_¡µ,å¾¿¡,zhquery,hb",
"___,___,___è¿_»´,__´¢äº___,ç½_¡µ,ç¿»è_,ç¿»è_app__°å__,hb",
"___,___,___è¿_»´,__´¢äº___,ç½_¡µ,pcç½_¡µ,æµ__,nodejs,pre",
"___,___,___è¿_»´,__´¢äº___,ç½_¡µ,pcç½_¡µ,vr,vrå°___,å¼_¾å¹³__ew,pre",
"___,___,___è¿_»´,__´¢äº___,ç½_¡µ,__º¿ç½_¡µ,æµ__,nodejs-searchhub,preonline",
"___,___,___è¿_»´,__´¢äº___,ç½_¡µ,ç¿»è_,uniq_trans_hub,hb",
"___,___,___è¿_»´,__´¢äº___,__´¢APP,HB,iospush",
"___,___,___è¿_»´,__´¢äº___,ç½_¡µ,__º¿ç½_¡µ,è½_,node,pre",
"___,___,___è¿_»´,__´¢äº___,ä¿¡æ_æµ,feed__¾¤,feed_app",
"___,___,___è¿_»´,__´¢äº___,___,_¾å_,nginxJS",
"___,___,___è¿_»´,__´¢äº___,ç½_¡µ,__º¿ç½_¡µ,æµ__,hintsugg",
"___,___,___è¿_»´,__´¢äº___,ç½_¡µ,pcç½_¡µ,___ç«__,ç«__query,ä¼__å°___",
"___,___,___è¿_»´,_¥é_äº___,æ­£ç___,_____,resin_yuedu,resin_yuedu_01-04",
"___,___,___è¿_»´,__´¢äº___,ç½_¡µ,pcç½_¡µ,æµ__,_¥å_,nginx7,hb",
"___,___,___è¿_»´,__´¢äº___,ç½_¡µ,pcç½_¡µ,___ç«__,_______»ç_ç­_Intent,hb",
"___,___,___è¿_»´,_¥é_äº___,æ­£ç___,_____,__nginx,__B__ginx_ºå_-å·²ä_çº",
"___,___,___è¿_»´,__´¢äº___,ç½_¡µ,_¾è___,kd_server,1gd",
"___,___,___è¿_»´,__´¢äº___,ç½_¡µ,_¾è___,kd_server,js",
"___,___,___è¿_»´,__´¢äº___,ç½_¡µ,_¾è___,kd_server,hb",
"___,___,___è¿_»´,__´¢äº___,ç½_¡µ,_¾è___,kd_server,gd",
"___,___,___è¿_»´,__´¢äº___,ç½_¡µ,_¾è___,kd_server,1hb",
"___,___,___è¿_»´,__´¢äº___,___,_¾ç_,_¾ç_HB,çº¿ä_,manual,nv_query",
"___,___,___è¿_»´,__´¢äº___,___,_¾ç_,_¾ç_HB,çº¿ä_,manual,pythonumis",
"___,___,äº___¨è_ç»,__´¢äº___,ç³»ç__¶æ__,______,DATABUS,FETCHER,HB",
"___,___,___è¿_»´,__´¢äº___,ç½_¡µ,pcç½_¡µ,vr,openhub,tmp",
"___,___,___è¿_»´,__´¢äº___,ç½_¡µ,å¾¿¡,å¾¿¡_°æ_ç§´¯,rec01",
"___,___,___äº___,__·¥ç¨__,å¹³å_å¼___,å¼___ç»,rocä¸__æµ__,cvmæµ__1",
"___,___,___äº___,_¥é_äº___,___ADM,åº__ç³»ç_,4._ºçå¹³å_,æ­£å___audit-kafka",
"___,___,___äº___,_¥é_äº___,___ADM,åº__ç³»ç_,4._ºçå¹³å_,æ­£å___kafka",
"___,___,___è¿_»´,__´¢äº___,___,_¾ç_,_¾ç__¾èäº-HB,_¾èäº-_¾ç_-HB-çº¿ä_,_¾ç__¾èäº-HB-å¹¿å__¾é_-qs",
"___,___,___è¿_»´,__´¢äº___,ç½_¡µ,pcç½_¡µ,æµ__,__å°_¨¡_,PA___,instPa,hb",
"___,___,___è¿_»´,__·¥ç¨__,ä¿¡æ_å¹³å__,è¿_»´ç³»ç_,Datalink,caosiyuan",
"___,___,___è¿_»´,__´¢äº___,ç½_¡µ,pcç½_¡µ,___ç«__,__è§_E7,cache",
"___,___,___è¿_»´,__´¢äº___,ç½_¡µ,pcç½_¡µ,___ç«__,__è§_E7,query",
"___,___,___è¿_»´,__´¢äº___,ç½_¡µ,pcç½_¡µ,___ç«__,__è§_E7,qo",
"___,___,___è¿_»´,__·¥ç¨__,ç³»ç__¶æ__,SREä¸ç»,å¼___,ç½_¤©å¸,ä¸__",
"___,___,___è¿_»´,__·¥ç¨__,ç³»ç__¶æ__,SREä¸ç»,å¼___,___,soså¼___",
"___,___,___è¿_»´,__´¢äº___,ç½_¡µ,pcç½_¡µ,___ç«__,__è§_E7,GPU",
"___,___,___äº___,è¾__æ³__ä¸__,___è¾__æ³,_ºçå¹³å__,äº___³ä_è¾_____,äº___¥é___¤©___",
"___,___,___äº___,_¥é_äº___,___ADM,åº__ç³»ç_,4._ºçå¹³å_,æ­£å___kafka-pro-mirror-maker",
"___,___,___è¿_»´,__·¥ç¨__,ç³»ç__¶æ__,SREäº__,ä¸ººå¼___,_¶é_é£",
"___,___,___è¿_»´,__´¢äº___,ç½_¡µ,çº¿ä_è®¡ç_,è¯_è®¡ç_ä»£ç_",
"___,___,___è¿_»´,__·¥ç¨__,ä¿¡æ_å¹³å__,è¿_»´ç³»ç_,Datalink,prometheus,_½ç_-_°é_ç¾",
"___,___,___äº___,_¥é_äº___,___ADM,åº__ç³»ç_,2.ç½__,2._¨æ_ç½__ç»,æ­£å___sunflower-kafka",
"___,___,___è¿_»´,__·¥ç¨__,ä¿¡æ_å¹³å__,è¿_»´ç³»ç_,Datalink,prometheus,k8s___æµ__",
"___,___,___äº___,_¥é_äº___,___ADM,åº__ç³»ç_,1.__,2.__Webç»,æ­£å___bos-account-solr",
"___,___,___è¿_»´,__·¥ç¨__,å¹³å_å¼___,å¼___ç»,ROC3.1,__º§_,iaas_server",
"___,___,___è¿_»´,__·¥ç¨__,ç³»ç__¶æ__,SREäº__,__,thanos,bj-lab,node,è¿_¸¡___",
"___,___,___äº___,_¥é_äº___,___ADM,åº__ç³»ç_,1.__,2.__Webç»,æ­£å___bos-cpc-solr",
"___,___,___è¿_»´,__´¢äº___,__´¢APP,HB,api_gateway",
"___,___,___è¿_»´,__·¥ç¨__,ä¿¡æ_å¹³å__,è¿_»´ç³»ç_,Datalink,niezhenfeng,dev",
"___,___,___äº___,_¥é_äº___,___ADM,åº__ç³»ç_,1.__,2.__Webç»,æ­£å___bos-automaterial-solr",
"___,___,___äº___,_¥é_äº___,___ADM,åº__ç³»ç_,4._ºçå¹³å_,æ­£å___vector-index",
"___,___,___è¿_»´,__·¥ç¨__,ä¿¡æ_å¹³å__,è¿_»´ç³»ç_,Datalink,prometheus,thanos___¾¤,query01",
"___,___,___äº___,_¥é_äº___,___ADM,åº__ç³»ç_,4._ºçå¹³å_,æ­£å___admin-kafka",
"___,___,___äº___,_¥é_äº___,___ADM,åº__ç³»ç_,4._ºçå¹³å_,2._______,æ­£å___dts-zookeeper",
"___,___,___äº___,_¥é_äº___,___ADM,åº__ç³»ç_,4._ºçå¹³å_,2._______,æ­£å___taskagent-redis",
"___,___,___äº___,_¥é_äº___,___ADM,åº__ç³»ç_,1.__,2.__Webç»,æ­£å___bos-sku-solr",
"___,___,___è¿_»´,__·¥ç¨__,ç³»ç__¶æ__,SREäº__,__,GPUå¹³å_,gd-hn2-online,master_etcd",
"___,___,___è¿_»´,__´¢äº___,ç½_¡µ,pcç½_¡µ,æµ__,è®¡ç_,qehQuery,hb",
"___,___,___è¿_»´,__´¢äº___,ç½_¡µ,pcç½_¡µ,æµ__,è®¡ç_,qehQuery,gd",
"___,___,___è¿_»´,__´¢äº___,ç½_¡µ,pcç½_¡µ,æµ__,è®¡ç_,qehQuery,hb1",
"___,___,___è¿_»´,__´¢äº___,ç½_¡µ,pcç½_¡µ,æµ__,è®¡ç_,qehQuery,gd1",
"___,___,___è¿_»´,__´¢äº___,ç½_¡µ,pcç½_¡µ,æµ__,è®¡ç_,qehQuery,js",
"___,___,___äº___,_¥é_äº___,___ADM,åº__ç³»ç_,4._ºçå¹³å_,æ­£å___polaris-forward",
"___,___,äº___¨è_ç»,__´¢äº___,ç³»ç__¶æ__,______,SPIDERSERVICE,dispatcher",
"___,___,___è¿_»´,__´¢äº___,ç½_¡µ,pcç½_¡µ,æµ__,è®¡ç_,SCSIndexProxy,hb",
"___,___,___è¿_»´,__´¢äº___,ç½_¡µ,pcç½_¡µ,æµ__,è®¡ç_,SCSIndexProxy,gd",
"___,___,___è¿_»´,__´¢äº___,ç½_¡µ,pcç½_¡µ,æµ__,è®¡ç_,SCSIndexProxy,js",
"___,___,___è¿_»´,__´¢äº___,ç½_¡µ,éª__æµ__å¹³å_,pc_web,weixin_query",
"___,___,___è¿_»´,__·¥ç¨__,ç³»ç__¶æ__,SREä¸ç»,SOS_¨çº¿å­__,__3dkv,3dkv_ds,3dkv_ds_1_hb",
"___,___,___è¿_»´,__·¥ç¨__,ç³»ç__¶æ__,SREä¸ç»,SOS_¨çº¿å­__,__3dkv,3dkv_ds,3dkv_ds_2_hn2",
"___,___,___è¿_»´,__·¥ç¨__,ç³»ç__¶æ__,SREä¸ç»,SOS_¨çº¿å­__,__3dkv,3dkv_ds,3dkv_ds_3_hd",
"___,___,___è¿_»´,__´¢äº___,ç½_¡µ,çº¿ä_è®¡ç_,å­__&_°æ__¶ä_,offsum_sos_hn2,hn2_ds,hn2_ds_18",
"___,___,___è¿_»´,__´¢äº___,ç½_¡µ,çº¿ä_è®¡ç_,å­__&_°æ__¶ä_,offsum_sos_hn2,hn2_ds,hn2_ds_other",
"___,___,___è¿_»´,__´¢äº___,ç½_¡µ,pcç½_¡µ,æµ__,è®¡ç_,SCSIndexProxy,offline",
"___,___,___è¿_»´,__´¢äº___,ç½_¡µ,å®¹å____è¯__ç¾,CVM-docker,docker-searchleaf",
"___,___,___è¿_»´,_¥é_äº___,æ­£ç___,_____,resin_yuedu,resin_yuedu_05-08",
"___,___,___è¿_»´,__·¥ç¨__,ç³»ç__¶æ__,SREäº__,__,GPUå¹³å_,gd-hn2-online,gpu_node",
"___,___,___è¿_»´,__·¥ç¨__,ç³»ç__¶æ__,SREäº__,__,GPUå¹³å_,gd-hn2-dev,master_etcd",
"___,___,___è¿_»´,__´¢äº___,ç½_¡µ,pcç½_¡µ,æµ__,è®¡ç_,SCSIndexProxy,_©å",
"___,___,___è¿_»´,__·¥ç¨__,ä¿¡æ_å¹³å__,è¿_»´ç³»ç_,Datalink,huwenbao,dev",
"___,___,___è¿_»´,__´¢äº___,ç½_¡µ,å®¹å____è¯__ç¾,CVM-docker,searchleafä¿___",
"___,___,___è¿_»´,__·¥ç¨__,ç³»ç__¶æ__,SREäº__,__,GPUå¹³å_,bj-online,master_etcd",
"___,___,äº___¨è_ç»,__´¢äº___,ç¤¾å___´¢_,_¾ç,ç¤¾å____,ä¸»ä_é¡¹æ_è¯",
"___,___,___è¿_»´,__·¥ç¨__,ç³»ç__¶æ__,SREäº__,__,GPUå¹³å_,js-online,gpu_node",
"___,___,___è¿_»´,__´¢äº___,ç½_¡µ,pcç½_¡µ,vr,qw_wrapper_online,gd1",
"___,___,___è¿_»´,__´¢äº___,ç½_¡µ,pcç½_¡µ,vr,qw_wrapper_online,js",
"___,___,___è¿_»´,__´¢äº___,ç½_¡µ,pcç½_¡µ,vr,qw_wrapper_online,tc",
"___,___,___è¿_»´,__´¢äº___,ç½_¡µ,pcç½_¡µ,vr,qw_wrapper_online,hb1",
"___,___,___è¿_»´,__´¢äº___,ç½_¡µ,pcç½_¡µ,vr,qw_wrapper_online,hb",
"___,___,___äº___,_¥é_äº___,___ADM,åº__ç³»ç_,4._ºçå¹³å_,è¿_§»ä¸½¬_",
"___,___,___è¿_»´,__´¢äº___,ç½_¡µ,_»ç_,_»ç___´¢-GPU___,hb",
"___,___,___è¿_»´,__´¢äº___,ç½_¡µ,_»ç_,_»ç___´¢-GPU___,gd",
"___,___,___è¿_»´,__·¥ç¨__,ç³»ç__¶æ__,SREäº__,sogou-hadoop,____",
"___,___,___è¿_»´,__·¥ç¨__,ç³»ç__¶æ__,SREä¸ç»,å¼___,ç½_¤©å¸,DA3æµ___-_¨é_,DA3-å¼__wait____-CPU_§è_å¥",
"___,___,___è¿_»´,__·¥ç¨__,ç³»ç__¶æ__,SREä¸ç»,å¼___,ç½_¤©å¸,DA3æµ___-_¨é_,DA3-_³é_mwait____-I/O_§è_å¥",
"___,___,___äº___,_¥é_äº___,___ADM,åº__ç³»ç_,4._ºçå¹³å_,1.SOX404,æ­£å___finance",
"___,___,___äº___,_¥é_äº___,___ADM,åº__ç³»ç_,3.___,æ­£å___brand-taskagent",
"___,___,___äº___,_¥é_äº___,___ADM,åº__ç³»ç_,3.___,æ­£å___brand-memcache",
"___,___,___äº___,_¥é_äº___,___ADM,åº__ç³»ç_,2.ç½__,2._¨æ_ç½__ç»,æ­£å___admintask",
"___,___,___äº___,_¥é_äº___,___ADM,åº__ç³»ç_,4._ºçå¹³å_,5.è¿_»´____¨å¹³_,æ­£å___bizshare",
"___,___,___äº___,_¥é_äº___,___ADM,åº__ç³»ç_,1.__,1.__Baseç»,___¾å_,æ­£å___listener-util",
"___,___,___äº___,_¥é_äº___,___ADM,åº__ç³»ç_,2.ç½__,1._¨æ_Baseç»,æ­£å___binlog-venus",
"___,___,___äº___,_¥é_äº___,___ADM,åº__ç³»ç_,2.ç½__,2._¨æ_ç½__ç»,æ­£å___venus_mongodb",
"___,___,___äº___,_¥é_äº___,___ADM,åº__ç³»ç_,4._ºçå¹³å_,2._______,æ­£å___octopus__ycentre",
"___,___,___äº___,_¥é_äº___,___ADM,åº__ç³»ç_,4._ºçå¹³å_,2._______,æ­£å___sequence-id",
"___,___,___äº___,_¥é_äº___,___ADM,åº__ç³»ç_,1.__,1.__Baseç»,SOX404,æ­£å___bill-centre_fund-seqno_fund-chargerefund",
"___,___,___äº___,_¥é_äº___,___ADM,åº__ç³»ç_,4._ºçå¹³å_,2._______,æ­£å___support",
"___,___,___äº___,_¥é_äº___,___ADM,åº__ç³»ç_,4._ºçå¹³å_,2._______,æ­£å___dfs",
"___,___,___äº___,_¥é_äº___,___ADM,åº__ç³»ç_,4._ºçå¹³å_,5.è¿_»´____¨å¹³_,æ­£å___puppet",
"___,___,___äº___,_¥é_äº___,___ADM,åº__ç³»ç_,2.ç½__,2._¨æ_ç½__ç»,æ­£å___dubhe_memcache",
"___,___,___äº___,_¥é_äº___,___ADM,åº__ç³»ç_,4._ºçå¹³å_,3.CRMè¿_,1.CRM,æ­£å___crm_redis",
"___,___,___äº___,_¥é_äº___,___ADM,åº__ç³»ç_,1.__,1.__Baseç»,æ­£å___è´¦æ____Jupiter",
"___,___,___äº___,_¥é_äº___,___ADM,åº__ç³»ç_,4._ºçå¹³å_,2._______,1.ç»___¨æ_ä¸_,eunomia_memcache",
"___,___,___äº___,_¥é_äº___,___ADM,åº__ç³»ç_,4._ºçå¹³å_,5.è¿_»´____¨å¹³_,æ­£å___monitor____",
"___,___,___è¿_»´,è¾__æ³__ä¸__,_·ç__,Haoma_Data",
"___,___,___äº___,_¥é_äº___,___ADM,åº__ç³»ç_,4._ºçå¹³å_,5.è¿_»´____¨å¹³_,æ­£å___storageå­__",
"___,___,___äº___,_¥é_äº___,___ADM,åº__ç³»ç_,3.___,æ­£å___superzone",
"___,___,___è¿_»´,__·¥ç¨__,ä¿¡æ_å¹³å__,äº__,äº__å¹³å_,_»è_å±",
"___,___,___äº___,_¥é_äº___,___ADM,åº__ç³»ç_,1.__,2.__Webç»,æ­£å___messagebroker",
"___,___,___äº___,_¥é_äº___,___ADM,åº__ç³»ç_,3.___,æ­£å___inputzone",
"___,___,___äº___,_¥é_äº___,___ADM,åº__ç³»ç_,3.___,_¶æ²³,æ­£å___galaxy_mongodb",
"___,___,___è¿_»´,__´¢äº___,ç½_¡µ,pcç½_¡µ,vr,vrqo,vrqo-web-hb",
"___,___,___äº___,_¥é_äº___,___ADM,åº__ç³»ç_,1.__,å®¢æ_ç«____ç³»ç_,æ­£å___cpcmonitor-hadoop",
"___,___,___äº___,_¥é_äº___,___ADM,åº__ç³»ç_,1.__,1.__Baseç»,æ­£å___leacher",
"___,___,___äº___,_¥é_äº___,___ADM,åº__ç³»ç_,7._°æ_ä¸_,æ­£å____°æ_ä¸_",
"___,___,___äº___,_¥é_äº___,___ADM,åº__ç³»ç_,1.__,1.__Baseç»,æ­£å___sprice-listener",
"___,___,___äº___,_¥é_äº___,___ADM,åº__ç³»ç_,1.__,1.__Baseç»,æ­£å___ scrown-sprice-query",
"___,___,___äº___,_¥é_äº___,___ADM,åº__ç³»ç_,1.__,2.__Webç»,æ­£å___scrown-redis",
"___,___,___äº___,_¥é_äº___,___ADM,åº__ç³»ç_,1.__,2.__Webç»,æ­£å___xuri-memcache",
"___,___,___è¿_»´,__´¢äº___,ç½_¡µ,pcç½_¡µ,æµ__,GPU,çº¿ä_cache_gpu,tc",
"___,___,___äº___,_¥é_äº___,___ADM,åº__ç³»ç_,1.__,2.__Webç»,æ­£å___querykey_mongodb",
"___,___,___äº___,___å¹³å_äº___,ç½_¡µæ¸¸æ_,é¡µæ¸¸-__º§_,é¡µæ¸¸-__º§-ä¸_____,é¡µæ¸¸-__º§-_¨å¹¿,é¡µæ¸¸-__º§-_¨å¹¿-å¤__SEM-nginx",
"___,___,___äº___,_¥é_äº___,___ADM,åº__ç³»ç_,4._ºçå¹³å_,2._______,2.è®¡è´¹ä¸_,æ­£å___consume-query",
"___,___,___äº___,_¥é_äº___,___ADM,åº__ç³»ç_,1.__,1.__Baseç»,SOX404,æ­£å___rtcharge-xuri",
"___,___,___äº___,_¥é_äº___,___ADM,åº__ç³»ç_,4._ºçå¹³å_,1.SOX404,æ­£å___sox404task",
"___,___,___äº___,_¥é_äº___,___ADM,åº__ç³»ç_,1.__,2.__Webç»,æ­£å___biztracer-web",
"___,___,___äº___,_¥é_äº___,___ADM,åº__ç³»ç_,1.__,2.__Webç»,æ­£å___xuridailyspend_mongodb",
"___,___,___äº___,_¥é_äº___,___ADM,åº__ç³»ç_,1.__,2.__Webç»,æ­£å___xuri-bizsequence-zk",
"___,___,___äº___,_¥é_äº___,___ADM,åº__ç³»ç_,4._ºçå¹³å_,2._______,æ­£å___base-tasks",
"___,___,___äº___,_¥é_äº___,___ADM,åº__ç³»ç_,4._ºçå¹³å_,5.è¿_»´____¨å¹³_,æ­£å___ganglia",
"___,___,___äº___,_¥é_äº___,___ADM,åº__ç³»ç_,1.__,1.__Baseç»,æ­£å___sequence-id-xuri",
"___,___,___äº___,_¥é_äº___,___ADM,åº__ç³»ç_,7._°æ_ä¸_,æ­£å___hadoop_zookeeper",
"___,___,___äº___,_¥é_äº___,___ADM,åº__ç³»ç_,4._ºçå¹³å_,2._______,æ­£å___adminaudit-redis",
"___,___,___äº___,_¥é_äº___,___ADM,åº__ç³»ç_,4._ºçå¹³å_,5.è¿_»´____¨å¹³_,æ­£å___wiki",
"___,___,___äº___,_¥é_äº___,___ADM,åº__ç³»ç_,2.ç½__,2._¨æ_ç½__ç»,æ­£å___dubhe-redis",
"___,___,___äº___,_¥é_äº___,___ADM,åº__ç³»ç_,2.ç½__,2._¨æ_ç½__ç»,æ­£å___admin-computasks",
"___,___,___äº___,_¥é_äº___,___ADM,åº__ç³»ç_,7._°æ_ä¸_,æ­£å___kerberos",
"___,___,___äº___,_¥é_äº___,___ADM,åº__ç³»ç_,1.__,1.__Baseç»,___¾å_,æ­£å___gene-xuri",
"___,___,___è¿_»´,__·¥ç¨__,ä¿¡æ_å¹³å__,ä¸____,Pay,çº¿ä__, ___¶æ",
"___,___,___è¿_»´,__´¢äº___,ç½_¡µ,pcç½_¡µ,æµ__,__å°_¨¡_,_¾ç__,_¾ç_è£__-web-hb",
"___,___,___äº___,_¥é_äº___,___ADM,åº__ç³»ç_,4._ºçå¹³å_,5.è¿_»´____¨å¹³_,æ­£å___bizftp",
"___,___,___äº___,_¥é_äº___,___ADM,åº__ç³»ç_,1.__,1.__Baseç»,æ­£å__ binlog-xuricpc_feed-xuri-cpc",
"___,___,___äº___,_¥é_äº___,___ADM,åº__ç³»ç_,1.__,1.__Baseç»,æ­£å__ binlog-xuribid_feed-xuri-bid",
"___,___,___äº___,_¥é_äº___,___ADM,åº__ç³»ç_,4._ºçå¹³å_,5.è¿_»´____¨å¹³_,æ­£å___ä¸__",
"___,___,___è¿_»´,__´¢äº___,ç½_¡µ,pcç½_¡µ,æµ__,è®¡ç_,iQuery,iquery-web-hb1",
"___,___,___äº___,_¥é_äº___,___ADM,åº__ç³»ç_,1.__,1.__Baseç»,æ­£å___scrown-sprice-query",
"___,___,___è¿_»´,__´¢äº___,ç½_¡µ,çº¿ä_è®¡ç_,å­__&_°æ__¶ä_,offsum_sos_gd,gd_ds",
"___,___,___äº___,_¥é_äº___,___ADM,åº__ç³»ç_,4._ºçå¹³å_,2._______,æ­£å___zookeeper",
"___,___,___äº___,_¥é_äº___,___ADM,åº__ç³»ç_,4._ºçå¹³å_,5.è¿_»´____¨å¹³_,æ­£å_____½®ç®¡ç_",
"___,___,___è¿_»´,__´¢äº___,ç½_¡µ,pcç½_¡µ,æµ__,è®¡ç_,iQuery,iquery-web-gd",
"___,___,___è¿_»´,__´¢äº___,ç½_¡µ,pcç½_¡µ,æµ__,__å°_¨¡_,_¾ç__,_¾ç_è£__-web-gd",
"___,___,___è¿_»´,__´¢äº___,ç½_¡µ,pcç½_¡µ,vr,vrqo,vrqo-web-gd",
"___,___,___è¿_»´,__´¢äº___,ç½_¡µ,pcç½_¡µ,æµ__,GPU,çº¿ä_cache_gpu,gd",
"___,___,___äº___,_¥é_äº___,___ADM,åº__ç³»ç_,2.ç½__,2._¨æ_ç½__ç»,æ­£å___dubhe-analysistask",
"___,___,___äº___,_¥é_äº___,___ADM,åº__ç³»ç_,1.__,1.__Baseç»,____ºæ_,æ­£å___south-cpc-xuri(binlog-feed)",
"___,___,___äº___,_¥é_äº___,___ADM,åº__ç³»ç_,1.__,1.__Baseç»,æ­£å___peerinfo",
"___,___,___äº___,_¥é_äº___,___ADM,åº__ç³»ç_,4._ºçå¹³å_,5.è¿_»´____¨å¹³_,æ­£å___bizwork-fe",
"___,___,___äº___,_¥é_äº___,___ADM,åº__ç³»ç_,1.__,2.__Webç»,æ­£å___xurispend_mongodb",
"___,___,___äº___,_¥é_äº___,___ADM,åº__ç³»ç_,3.___,_¶æ²³,æ­£å___galaxy_mars-binlog-feed-centre",
"___,___,___äº___,_¥é_äº___,___ADM,åº__ç³»ç_,1.__,1.__Baseç»,æ­£å___sugg-sprice-query",
"___,___,___äº___,_¥é_äº___,___ADM,åº__ç³»ç_,1.__,2.__Webç»,æ­£å___xuriopt_mongodb",
"___,___,___äº___,_¥é_äº___,___ADM,åº__ç³»ç_,5.ä¿¡æ_æµ,1.ä¿¡æ_æµ_aseç»,æ­£å___binlog-iflow",
"___,___,___äº___,_¥é_äº___,___ADM,åº__ç³»ç_,4._ºçå¹³å_,5.è¿_»´____¨å¹³_,æ­£å___gmond",
"___,___,___äº___,_¥é_äº___,___ADM,åº__ç³»ç_,3.___,æ­£å___galaxy_mars_south-binlog-feed-centre",
"___,___,___äº___,_¥é_äº___,___ADM,åº__ç³»ç_,1.__,1.__Baseç»,æ­£å__ binlog-xurirtd_feed-xuri-rtd",
"___,___,___äº___,_¥é_äº___,___ADM,åº__ç³»ç_,1.__,2.__Webç»,æ­£å___audit-redis",
"___,___,___äº___,_¥é_äº___,___ADM,åº__ç³»ç_,2.ç½__,3.___,æ­£å___merak-memcache",
"___,___,___äº___,_¥é_äº___,___ADM,åº__ç³»ç_,3.___,_¶æ²³,æ­£å__ _centre_feed-extraidea-mars",
"___,___,___äº___,_¥é_äº___,___ADM,åº__ç³»ç_,1.__,2.__Webç»,æ­£å___cpcrank_mongodb",
"___,___,___äº___,_¥é_äº___,___ADM,åº__ç³»ç_,1.__,2.__Webç»,æ­£å___cpc_mongodb",
"___,___,___äº___,_¥é_äº___,___ADM,åº__ç³»ç_,1.__,2.__Webç»,æ­£å___idea_mongodb",
"___,___,___äº___,_¥é_äº___,___ADM,åº__ç³»ç_,1.__,2.__Webç»,æ­£å___jarvis_mongodb",
"___,___,___è¿_»´,__´¢äº___,__´¢APP,nginx,appfront_nginx",
"___,___,___äº___,_¥é_äº___,___ADM,åº__ç³»ç_,4._ºçå¹³å_,5.è¿_»´____¨å¹³_,æ­£å___logcenter-es-zk-kafka",
"___,___,___äº___,_¥é_äº___,___ADM,åº__ç³»ç_,4._ºçå¹³å_,2._______,æ­£å___binlog-bill",
"___,___,___è¿_»´,__´¢äº___,ç½_¡µ,pcç½_¡µ,æµ__,è®¡ç_,iQuery,iquery-web-gd1",
"___,___,___è¿_»´,__´¢äº___,ç½_¡µ,pcç½_¡µ,vr,vrqo,vrqo-web-gd1",
"___,___,___äº___,_¥é_äº___,___ADM,åº__ç³»ç_,1.__,2.__Webç»,æ­£å___regionreport_mongodb",
"___,___,___äº___,_¥é_äº___,___ADM,åº__ç³»ç_,2.ç½__,1._¨æ_Baseç»,æ­£å___binlog-union",
"___,___,___äº___,_¥é_äº___,___ADM,åº__ç³»ç_,2.ç½__,1._¨æ_Baseç»,æ­£å___south-binlog-union",
"___,___,___äº___,_¥é_äº___,___ADM,åº__ç³»ç_,3.___,_¶æ²³,æ­£å___mars-mobile-binlog-feed-centre",
"___,___,___äº___,_¥é_äº___,___ADM,åº__ç³»ç_,1.__,2.__Webç»,æ­£å___cpc_mongodb_å¤_»½___",
"___,___,___äº___,_¥é_äº___,___ADM,åº__ç³»ç_,1.__,2.__Webç»,æ­£å___cpcrank_mongodb_å¤_»½___",
"___,___,___è¿_»´,__´¢äº___,ç½_¡µ,pcç½_¡µ,æµ__,è®¡ç_,iQuery,iquery-web-hb",
"___,___,___äº___,_¥é_äº___,___ADM,åº__ç³»ç_,1.__,2.__Webç»,æ­£å___noclickcpc_mongodb_å¤_»½___",
"___,___,___äº___,_¥é_äº___,___ADM,åº__ç³»ç_,1.__,2.__Webç»,æ­£å___xuriopt_mongodb_å¤_»½___",
"___,___,___äº___,_¥é_äº___,___ADM,åº__ç³»ç_,1.__,2.__Webç»,æ­£å___xurispend_mongodb_å¤_»½___",
"___,___,___äº___,_¥é_äº___,___ADM,åº__ç³»ç_,4._ºçå¹³å_,10.ç»_____å¹³å_,æ­£å___bizsupervisor-agent",
"___,___,___äº___,_¥é_äº___,___ADM,åº__ç³»ç_,1.__,2.__Webç»,æ­£å___queryword_mongodb_å¤_»½___",
"___,___,___è¿_»´,__´¢äº___,___,_¾ç_,_¾ç_GD,çº¿ä_,GD_QuerySum,GD_Norm",
"___,___,___äº___,_¥é_äº___,___ADM,åº__ç³»ç_,1.__,1.__Baseç»,SOX404,æ­£å___charge-alter",
"___,___,___äº___,_¥é_äº___,___ADM,åº__ç³»ç_,4._ºçå¹³å_,2._______,æ­£å___ceph__¾¤",
"___,___,___äº___,_¥é_äº___,___ADM,åº__ç³»ç_,1.__,2.__Webç»,æ­£å___xuri-redis",
"___,___,___äº___,_¥é_äº___,___ADM,åº__ç³»ç_,4._ºçå¹³å_,æ­£å___bos-zookeeper",
"___,___,___äº___,_¥é_äº___,___ADM,åº__ç³»ç_,4._ºçå¹³å_,2._______,æ­£å___admin-icp",
"___,___,___è¿_»´,__·¥ç¨__,ç³»ç__¶æ__,SREäº__,ä¸ººå¼___,__½ª",
"___,___,___äº___,_¥é_äº___,___ADM,åº__ç³»ç_,1.__,æ­£å___hourreport_mongodb",
"___,___,___äº___,_¥é_äº___,___ADM,åº__ç³»ç_,4._ºçå¹³å_,æ­£å___logcenter-master",
"___,___,___äº___,_¥é_äº___,___ADM,åº__ç³»ç_,1.__,2.__Webç»,æ­£å___kylin",
"___,___,___äº___,_¥é_äº___,___ADM,åº__ç³»ç_,3.___,æ­£å___galaxywire_mongodb",
"___,___,___äº___,_¥é_äº___,___ADM,åº__ç³»ç_,4._ºçå¹³å_,3.CRMè¿_,æ­£å___crm-h5",
"___,___,___äº___,_¥é_äº___,___ADM,åº__ç³»ç_,4._ºçå¹³å_,5.è¿_»´____¨å¹³_,æ­£å___bizop-jobs",
"___,___,___è¿_»´,__´¢äº___,ç½_¡µ,ç¿»è_,uniq_trans_hub,tc",
"___,___,___äº___,_¥é_äº___,___ADM,åº__ç³»ç_,7._°æ_ä¸_,æ­£å___bizhadoop",
"___,___,___è¿_»´,__´¢äº___,__´¢APP,nginx,appfront_temp_nginx",
"___,___,___äº___,_¥é_äº___,___ADM,åº__ç³»ç_,1.__,2.__Webç»,æ­£å___kefu-redis",
"___,___,___äº___,_¥é_äº___,___ADM,åº__ç³»ç_,1.__,2.__Webç»,æ­£å____ºè_å®¢æ_è®¿å___",
"___,___,___äº___,_¥é_äº___,___ADM,åº__ç³»ç_,1.__,2.__Webç»,æ­£å___biz-kefu-sdk",
"___,___,___äº___,_¥é_äº___,___ADM,åº__ç³»ç_,4._ºçå¹³å_,storm_test",
"___,___,äº___¨è_ç»,è¾__æ³__ä¸__,odin____,____,Odin,Mercury,Mercuryçº¿ä_,tools",
"___,___,___è¿_»´,__´¢äº___,ç½_¡µ,pcç½_¡µ,vr,vrqo,vrqo-web-js",
"___,___,___è¿_»´,__´¢äº___,ç½_¡µ,pcç½_¡µ,æµ__,GPU,çº¿ä_cache_gpu,js",
"___,___,___è¿_»´,__´¢äº___,ç½_¡µ,ç½_¡µæ±___,pc,query,instquery",
"___,___,___è¿_»´,__´¢äº___,ç½_¡µ,pcç½_¡µ,æµ__,__å°_¨¡_,_¾ç__,_¾ç__-web-js",
"___,___,äº___¨è_ç»,è¾__æ³__ä¸__,odin____,____,Odin,Venus,venus_¥å_,LB",
"___,___,___äº___,_¥é_äº___,___ADM,åº__ç³»ç_,2.ç½__,1._¨æ_Baseç»,æ­£å___+binlog-newwp",
"___,___,___äº___,_¥é_äº___,___ADM,åº__ç³»ç_,1.__,1.__Baseç»,æ­£å_________¥æ_",
"___,___,___è¿_»´,__´¢äº___,ç½_¡µ,ç¿»è_,trans_server,js",
"___,___,___è¿_»´,__´¢äº___,ç½_¡µ,pcç½_¡µ,é»____¾®___,hb",
"___,___,___è¿_»´,__´¢äº___,ç½_¡µ,pcç½_¡µ,é»____¾®___,gd",
"___,___,___è¿_»´,__´¢äº___,ç½_¡µ,pcç½_¡µ,é»____¾®___,js",
"___,___,___äº___,_¥é_äº___,___ADM,åº__ç³»ç_,1.__,æ­£å___adminredis",
"___,___,___äº___,_¥é_äº___,___ADM,åº__ç³»ç_,3.___,æ­£å___ka-redis",
"___,___,___äº___,_¥é_äº___,___ADM,åº__ç³»ç_,1.__,2.__Webç»,æ­£å___kuaitoureport_mongodb",
"___,___,___äº___,_¥é_äº___,___ADM,åº__ç³»ç_,5.ä¿¡æ_æµ,æ­£å___bizinput-tasks",
"___,___,___äº___,_¥é_äº___,___ADM,åº__ç³»ç_,2.ç½__,1._¨æ_Baseç»,æ­£å___input-es",
"___,___,___äº___,_¥é_äº___,___ADM,åº__ç³»ç_,4._ºçå¹³å_,æ­£å___data-redis",
"___,___,___äº___,_¥é_äº___,___ADM,åº__ç³»ç_,4._ºçå¹³å_,æ­£å___bizhadoop-spark",
"___,___,___äº___,_¥é_äº___,___ADM,åº__ç³»ç_,1.__,1.__Baseç»,æ­£å___bizlog-es",
"___,___,___è¿_»´,__´¢äº___,ç½_¡µ,pcç½_¡µ,é»____¾®___,1.tc",
"___,___,___äº___,_¥é_äº___,___ADM,åº__ç³»ç_,4._ºçå¹³å_,æ­£å___boc-influxdb",
"___,___,___äº___,_¥é_äº___,___ADM,åº__ç³»ç_,4._ºçå¹³å_,æ­£å___boc-grafana",
"___,___,___äº___,_¥é_äº___,___ADM,åº__ç³»ç_,7._°æ_ä¸_,æ­£å___bizstream-new",
"___,___,___äº___,_¥é_äº___,___ADM,åº__ç³»ç_,1.__,2.__Webç»,æ­£å___webpage-crawler",
"___,___,___è¿_»´,__·¥ç¨__,ä¿¡æ_å¹³å__,è¿_»´ç³»ç_,DFLY,DFlyçº¿ä_,DFLY-Logic",
"___,___,___äº___,_¥é_äº___,___ADM,åº__ç³»ç_,4._ºçå¹³å_,æ­£å___salt-redis",
"___,___,___äº___,_¥é_äº___,___ADM,åº__ç³»ç_,1.__,2.__Webç»,æ­£å___bos-kafka",
"___,___,___äº___,_¥é_äº___,___ADM,åº__ç³»ç_,1.__,2.__Webç»,æ­£å___flink",
"___,___,___äº___,_¥é_äº___,___ADM,åº__ç³»ç_,4._ºçå¹³å_,2._______,ceph-monitor",
"___,___,___äº___,_¥é_äº___,___ADM,åº__ç³»ç_,4._ºçå¹³å_,2._______,ceph-admin",
"___,___,___è¿_»´,__·¥ç¨__,ç³»ç__¶æ__,SREäº__,__,thanos,bj-online,master_etcd",
"___,___,___è¿_»´,__·¥ç¨__,ç³»ç__¶æ__,SREäº__,__,thanos,bj-online,ncs",
"___,___,___äº___,_¥é_äº___,___ADM,åº__ç³»ç_,4._ºçå¹³å_,æ­£å__-nexus_maven",
"___,___,___äº___,_¥é_äº___,___ADM,åº__ç³»ç_,4._ºçå¹³å_,æ­£å___flink-spark____ºå_",
"___,___,___è¿_»´,__·¥ç¨__,ä¿¡æ_å¹³å__,è¿_»´ç³»ç_,Datalink,prometheus,k8s_prometheus",
"___,___,___è¿_»´,_°å_äº§å_ä¸_,thanos__º§_ç»_»¶,lightconf-etcd__¾¤",
"___,___,___äº___,_¥é_äº___,___ADM,åº__ç³»ç_,1.__,2.__Webç»,æ­£å___bizlog_mongodb,bizlog01",
"___,___,___äº___,_¥é_äº___,___ADM,åº__ç³»ç_,1.__,2.__Webç»,æ­£å___bizlog_mongodb,bizlog02",
"___,___,___äº___,_¥é_äº___,___ADM,åº__ç³»ç_,1.__,2.__Webç»,æ­£å___bizlog_mongodb,bizlog03",
"___,___,___äº___,_¥é_äº___,___ADM,åº__ç³»ç_,1.__,2.__Webç»,æ­£å___bizlog_mongodb,bizlog05",
"___,___,___äº___,_¥é_äº___,___ADM,åº__ç³»ç_,1.__,2.__Webç»,æ­£å___bizlog_mongodb,bizlog06",
"___,___,___è¿_»´,__´¢äº___,ç½_¡µ,å¾¿¡,query,normquery,bj,1.hb",
"___,___,___è¿_»´,__´¢äº___,ç½_¡µ,å¾¿¡,query,instquery,bj,1.hb",
"___,___,___è¿_»´,__·¥ç¨__,ç³»ç__¶æ__,SREä¸__,_¥å_å¹³å_,TEST",
"___,___,___è¿_»´,__´¢äº___,ç½_¡µ,pcç½_¡µ,vr,vrqo,vrqo-web-hb1",
"___,___,___äº___,_¥é_äº___,___ADM,åº__ç³»ç_,1.__,2.__Webç»,æ­£å___bizsequence-zk",
"___,___,äº___¨è_ç»,__´¢äº___,å¤§æ__¹³_°é_,å®__,HBGodSon,master",
"___,___,___äº___,_¥é_äº___,___ADM,åº__ç³»ç_,4._ºçå¹³å_,3.CRMè¿_,æ­£å___crm-h5-fe",
"___,___,___äº___,è¾__æ³__ä¸__,QQè¾__æ³,QQè¾__æ³-___ç«,æµ___,Qè¾-___-æµ__-ä¸_____,Qè¾-___-æµ__-ä¸__-é­__,Qè¾-___-æµ__-ä¸__-é­__-____¥å_",
"___,___,___è¿_»´,_¥é_äº___,å¤§ç_ä»,_¶æ²³å¹¿å_,_¶æ²³,HB_ºæ_,__,nodeweb",
"___,___,___è¿_»´,__·¥ç¨__,ç³»ç__¶æ__,SREä¸ç»,SOS_¨çº¿å­__,__´¢ç§__-ä¸_______¾¤,ä¸_______¾¤ds,persist3d-hb-bj",
"___,___,___è¿_»´,__·¥ç¨__,ç³»ç__¶æ__,SREä¸ç»,SOS_¨çº¿å­__,__´¢ç§__-ä¸_______¾¤,ä¸_______¾¤ds,persist3d-hn-gd",
"___,___,___è¿_»´,__·¥ç¨__,ç³»ç__¶æ__,SREä¸ç»,SOS_¨çº¿å­__,_____¾¤,persist_ds,persist_2",
"___,___,___è¿_»´,_¥é_äº___,æ­£ç___,è½»é_è¯,_¨è_-_°æ__",
"___,___,___è¿_»´,__·¥ç¨__,ç³»ç__¶æ__,SREä¸ç»,SOS_¨çº¿å­__,_____¾¤,persist_ds,persist_3",
"___,___,___äº___,_¥é_äº___,___ADM,åº__ç³»ç_,1.__,2.__Webç»,æ­£å___biz-janus-gateway-cpc-pre",
"___,___,___è¿_»´,__·¥ç¨__,ç³»ç__¶æ__,SREä¸ç»,SOS_¨çº¿å­__,_¥é_Adtech,Adtech_DataServer,Adtech_hb",
"___,___,___äº___,__´¢äº___,ç¤¾å___´¢_,_¾ç,ç¤¾å___©¶,___¥å_",
"___,___,___äº___,_¥é_äº___,___ADM,åº__ç³»ç_,4._ºçå¹³å_,æ­£å___bizdevadmin-flink-client",
"___,___,___è¿_»´,__´¢äº___,ç½_¡µ,pcç½_¡µ,tupu,kbqa,gd",
"___,___,___è¿_»´,__´¢äº___,ç½_¡µ,pcç½_¡µ,tupu,kbqa,js",
"___,___,___è¿_»´,__·¥ç¨__,ç³»ç__¶æ__,SREäº__,ä¸ººå¼___,å¼___",
"___,___,___è¿_»´,__·¥ç¨__,ç³»ç__¶æ__,SREäº__,ä¸ººå¼___,____",
"___,___,___äº___,_¥é_äº___,___ADM,åº__ç³»ç_,4._ºçå¹³å_,æ­£å___gitlab",
"___,___,___è¿_»´,__´¢äº___,__º¿,åº____´¢,appå®__-__æ¨¡å_,__s",
"___,___,___è¿_»´,__´¢äº___,ç½_¡µ,pcç½_¡µ,æµ__,GPU,çº¿ä_cache_gpu,hb",
"___,___,___è¿_»´,__´¢äº___,__´¢APP,HB,config",
"___,___,___è¿_»´,__·¥ç¨__,ç³»ç__¶æ__,SREäº__,__,thanos,js-online,node,gpu_è®__",
"___,___,___è¿_»´,__´¢äº___,__´¢APP,HB,sugg",
"___,___,___äº___,_¥é_äº___,___ADM,åº__ç³»ç_,7._°æ_ä¸_,æ­£å___hive_query_client",
"___,___,___è¿_»´,__´¢äº___,ç½_¡µ,pcç½_¡µ,vr,ç§´¯,vroffsum,vroffsum_hb_ä¸",
"___,___,___è¿_»´,__´¢äº___,__º¿,å°___´¢,_____,resin_novel",
"___,___,___äº___,_¥é_äº___,___ADM,åº__ç³»ç_,4._ºçå¹³å_,5.è¿_»´____¨å¹³_,æ­£å___zabbix",
"___,___,___äº___,_¥é_äº___,___ADM,åº__ç³»ç_,7._°æ_ä¸_,çº¿ä__kerberos",
"___,___,___äº___,_¥é_äº___,___ADM,åº__ç³»ç_,1.__,2.__Webç»,æ­£å___datatransfer",
"___,___,___äº___,_¥é_äº___,___ADM,åº__ç³»ç_,1.__,2.__Webç»,æ­£å___ dts-xuri",
"___,___,___äº___,_¥é_äº___,___ADM,åº__ç³»ç_,1.__,1.__Baseç»,æ­£å___east-zookeeper",
"___,___,___äº___,_¥é_äº___,___ADM,åº__ç³»ç_,1.__,1.__Baseç»,æ­£å___east-octopus",
"___,___,___äº___,_¥é_äº___,___ADM,åº__ç³»ç_,1.__,1.__Baseç»,æ­£å___east-binlog(feed)-xuri-cpc",
"___,___,___äº___,_¥é_äº___,___ADM,åº__ç³»ç_,1.__,1.__Baseç»,æ­£å___east-binlog-supp",
"___,___,___äº___,AIäº¤ä_äº___,è¯_,speech-north,ocr",
"___,___,___äº___,_¥é_äº___,___ADM,åº__ç³»ç_,4._ºçå¹³å_,æ­£å___mllab-service",
"___,___,___è¿_»´,__·¥ç¨__,ç³»ç__¶æ__,SREäº__,__,thanos,bj-online,node,___åº¦ç»´_",
"___,___,___è¿_»´,_¥é_äº___,æ­£ç___,_____,resin_yuedu,resin_yuedu_09-15",
"___,___,___äº___,_¥é_äº___,___ADM,åº__ç³»ç_,4._ºçå¹³å_,3.CRMè¿_,1.CRM,æ­£å___crm-script",
"___,___,___è¿_»´,__·¥ç¨__,ç³»ç__¶æ__,SREä¸ç»,SOS_¨çº¿å­__,æµ____¾¤___,ä¸__-æµ____¾¤,æµ__ds",
"___,___,___äº___,_¥é_äº___,___ADM,åº__ç³»ç_,4._ºçå¹³å_,2._______,æ­£å__-scheduler-server",
"___,___,___è¿_»´,__·¥ç¨__,ç³»ç__¶æ__,SREäº__,__,thanos,js-online,node,___åº¦ç»´_",
"___,___,___äº___,_¥é_äº___,___ADM,åº__ç³»ç_,1.__,2.__Webç»,æ­£å___sunflower-tasks",
"___,___,___è¿_»´,__´¢äº___,ç½_¡µ,_»ç_,_»ç___´¢-GPU-TFS-QD_Hub",
"___,___,___äº___,_¥é_äº___,___ADM,åº__ç³»ç_,4._ºçå¹³å_,æ­£å___indus-cls-api",
"___,___,___è¿_»´,__·¥ç¨__,ç³»ç__¶æ__,SREäº__,__,thanos,bj-lab,node,___åº¦ç»´_",
"___,___,___è¿_»´,__´¢äº___,ç½_¡µ,pcç½_¡µ,æµ__,è®¡ç_,qquery,gd",
"___,___,___äº___,_¥é_äº___,___ADM,åº__ç³»ç_,4._ºçå¹³å_,æ­£å___sconfig-portal",
"___,___,___äº___,_¥é_äº___,___ADM,åº__ç³»ç_,4._ºçå¹³å_,æ­£å___sconfig-adminservice",
"___,___,___äº___,_¥é_äº___,___ADM,åº__ç³»ç_,4._ºçå¹³å_,æ­£å___sconfig-configservice",
"___,___,___äº___,_¥é_äº___,___ADM,åº__ç³»ç_,4._ºçå¹³å_,æ­£å___dts-picaudit",
"___,___,___è¿_»´,__´¢äº___,___,_¾ç_,_¾ç_HB,çº¿ä_,querysum,norm",
"___,___,___è¿_»´,__·¥ç¨__,ç³»ç__¶æ__,SREäº__,__,thanos,bj-search-test,nginx_ncs",
"___,___,___è¿_»´,__´¢äº___,ç½_¡µ,çº¿ä_è®¡ç_,ç§__äº,render_kv,render_ds",
"___,___,___è¿_»´,__·¥ç¨__,ä¿¡æ_å¹³å__,è¿_»´ç³»ç_,Datalink,bawenmao,dev",
"___,___,___è¿_»´,__·¥ç¨__,ç³»ç__¶æ__,SREä¸ç»,å¼___,ç½_¤©å¸,ä¸´æ_",
"___,___,___è¿_»´,__´¢äº___,ç½_¡µ,_»ç_,med_nlu,hb",
"___,___,___è¿_»´,__´¢äº___,ç½_¡µ,_»ç_,med_nlu,gd",
"___,___,___è¿_»´,__´¢äº___,ç½_¡µ,_»ç_,med_nlu,js",
"___,___,___è¿_»´,__·¥ç¨__,ç³»ç__¶æ__,SREäº__,__,thanos,gd-online,node,node_search",
"___,___,___äº___,_¥é_äº___,___ADM,åº__ç³»ç_,1.__,1.__Baseç»,æ­£å___basemsg-sku",
"___,___,___äº___,_¥é_äº___,___ADM,åº__ç³»ç_,1.__,1.__Baseç»,æ­£å___south-basemsg-sku",
"___,___,___äº___,_¥é_äº___,___ADM,åº__ç³»ç_,1.__,1.__Baseç»,dts-iflow",
"___,___,___äº___,_¥é_äº___,___ADM,åº__ç³»ç_,4._ºçå¹³å_,æ­£å___dataindex-task-hadoop",
"___,___,___äº___,_¥é_äº___,___ADM,åº__ç³»ç_,1.__,2.__Webç»,æ­£å___tianjige-task",
"___,___,äº___¨è_ç»,__´¢äº___,ç³»ç__¶æ__,______,DATABUS,FETCHER,TC",
"___,___,___è¿_»´,__´¢äº___,ç½_¡µ,çº¿ä_è®¡ç_,_°æ_ç§´¯,SpiderController_GD,spider_°è__,controller_fetcher",
"___,___,___è¿_»´,__´¢äº___,___,è§_,JS,__,JSresincache,js-cache01~16",
"___,___,___è¿_»´,__´¢äº___,___,è§_,JS,__,JSresincache,js-cache17~28",
"___,___,___è¿_»´,__´¢äº___,___,è§_,HB,__,cache,è§_hb-cache01~16",
"___,___,___è¿_»´,__´¢äº___,ç½_¡µ,æ¸¸æ_,__,node",